Apartment_Name,Apartment_Price,Complete Unit,Furnished,Utilities_included,Pet Friendly,Gym_and_Pool,In-Unit Laundry,Recreation areas,Free Parking,Apartment_Bus_stop,Apartment_Bus_no.,Fishpond,MSC,Zachary_Engineering,Reed Arena,Mays Business School,Rellis,Overall,Website,Contact No.,Address,Bedroom,Bathroom
Reville Ranch,519,0,1,0,1,1,1,1,1,1,15,1.8,1.9,1.9,1.8,1.4,6.6,3.0,https://www.reveilleranchapartments.com/,(979) 314-2453,3645 Wellborn rd,4,4.0
Reville Ranch,569,0,1,0,1,1,1,1,1,1,15,1.8,1.9,1.9,1.8,1.4,6.6,3.0,https://www.reveilleranchapartments.com/,(979) 314-2453,3645 Wellborn rd,3,3.0
Reville Ranch,609,0,1,0,1,1,1,1,1,1,15,1.8,1.9,1.9,1.8,1.4,6.6,3.0,https://www.reveilleranchapartments.com/,(979) 314-2453,3645 Wellborn rd,2,2.0
Reville Ranch,1218,1,1,0,1,1,1,1,1,1,15,1.8,1.9,1.9,1.8,1.4,6.6,3.0,https://www.reveilleranchapartments.com/,(979) 314-2453,3645 Wellborn rd,2,2.0
Reville Ranch,999,1,1,0,1,1,1,1,1,1,15,1.8,1.9,1.9,1.8,1.4,6.6,3.0,https://www.reveilleranchapartments.com/,(979) 314-2453,3645 Wellborn rd,1,1.0
Z Islander ,609,0,1,0,1,1,1,1,1,1,15,1.7,1.7,1.7,1.8,1.4,6.6,4.2,https://zislander.com/,(979) 200-4816,3803 Wellborn rd,4,4.0
Z Islander ,659,0,1,0,1,1,1,1,1,1,15,1.7,1.7,1.7,1.8,1.4,6.6,4.2,https://zislander.com/,(979) 200-4816,3803 Wellborn rd,3,3.0
Z Islander ,679,0,1,0,1,1,1,1,1,1,15,1.7,1.7,1.7,1.8,1.4,6.6,4.2,https://zislander.com/,(979) 200-4816,3803 Wellborn rd,2,2.0
Z Islander ,685,0,1,0,1,1,1,1,1,1,15,1.7,1.7,1.7,1.8,1.4,6.6,4.2,https://zislander.com/,(979) 200-4816,3803 Wellborn rd,2,2.5
Z Islander ,1139,1,1,0,1,1,1,1,1,1,15,1.7,1.7,1.7,1.8,1.4,6.6,4.2,https://zislander.com/,(979) 200-4816,3803 Wellborn rd,1,1.0
Z Islander ,1019,1,1,0,1,1,1,1,1,1,15,1.7,1.7,1.7,1.8,1.4,6.6,4.2,https://zislander.com/,(979) 200-4816,3803 Wellborn rd,0,0.0
Domain at Northgate,895,0,1,0,1,1,1,1,0,1,15,0.4,0.7,0.7,1.0,0.7,9.4,3.7,https://www.domainatnorthgate.com,(979) 703-6883,"101 Church AvenueCollege Station, TX 77840",4,4.0
Domain at Northgate,1050,0,1,0,1,1,1,1,0,1,15,0.4,0.7,0.7,1.0,0.7,9.4,3.7,https://www.domainatnorthgate.com,(979) 703-6883,"101 Church AvenueCollege Station, TX 77840",3,3.0
Domain at Northgate,1125,0,1,0,1,1,1,1,0,1,15,0.4,0.7,0.7,1.0,0.7,9.4,3.7,https://www.domainatnorthgate.com,(979) 703-6883,"101 Church AvenueCollege Station, TX 77840",2,2.0
Domain at Northgate,1625,1,1,0,1,1,1,1,0,1,15,0.4,0.7,0.7,1.0,0.7,9.4,3.7,https://www.domainatnorthgate.com,(979) 703-6883,"101 Church AvenueCollege Station, TX 77840",1,1.0
12th North,825,0,1,0,1,1,1,1,0,1,15,0.4,0.5,0.7,1.2,0.8,9.5,3.4,https://live12north.com,(855) 936-5276,"301 Church AvenueCollege Station, TX 77840",2,2.0
12th North,1450,1,1,0,1,1,1,1,0,1,15,0.4,0.5,0.7,1.2,0.8,9.5,3.4,https://live12north.com,(855) 936-5276,"301 Church AvenueCollege Station, TX 77840",1,1.0
12th North,1415,1,1,0,1,1,1,1,0,1,15,0.4,0.5,0.7,1.2,0.8,9.5,3.4,https://live12north.com,(855) 936-5276,"301 Church AvenueCollege Station, TX 77840",0,0.0
The standard at collage station,870,0,1,0,1,1,1,1,0,1,15,0.4,0.6,0.7,1.1,0.8,9.5,3.8,https://thestandardcollegestation.landmark-properties.com,(979) 314-0505,"315 Boyett St.College Station, TX 77840",6,6.0
The standard at collage station,895,0,1,0,1,1,1,1,0,1,15,0.4,0.6,0.7,1.1,0.8,9.5,3.8,https://thestandardcollegestation.landmark-properties.com,(979) 314-0505,"315 Boyett St.College Station, TX 77840",5,5.0
The standard at collage station,840,0,1,0,1,1,1,1,0,1,15,0.4,0.6,0.7,1.1,0.8,9.5,3.8,https://thestandardcollegestation.landmark-properties.com,(979) 314-0505,"315 Boyett St.College Station, TX 77840",5,3.0
The standard at collage station,960,0,1,0,1,1,1,1,0,1,15,0.4,0.6,0.7,1.1,0.8,9.5,3.8,https://thestandardcollegestation.landmark-properties.com,(979) 314-0505,"315 Boyett St.College Station, TX 77840",4,4.0
The standard at collage station,1030,0,1,0,1,1,1,1,0,1,15,0.4,0.6,0.7,1.1,0.8,9.5,3.8,https://thestandardcollegestation.landmark-properties.com,(979) 314-0505,"315 Boyett St.College Station, TX 77840",3,3.0
The standard at collage station,1175,0,1,0,1,1,1,1,0,1,15,0.4,0.6,0.7,1.1,0.8,9.5,3.8,https://thestandardcollegestation.landmark-properties.com,(979) 314-0505,"315 Boyett St.College Station, TX 77840",2,2.0
The standard at collage station,1355,1,1,0,1,1,1,1,0,1,15,0.4,0.6,0.7,1.1,0.8,9.5,3.8,https://thestandardcollegestation.landmark-properties.com,(979) 314-0505,"315 Boyett St.College Station, TX 77840",1,1.0
Cherry Street Apartments at Northgate,989,0,1,0,1,1,1,1,0,1,15,0.5,0.6,0.7,1.1,0.8,9.5,3.8,https://www.cherrystreetapts.com,1 979-608-7013,"200 Cherry St
College Station, TX 77840",2,2.0
Cherry Street Apartments at Northgate,1289,1,1,0,1,1,1,1,0,1,15,0.5,0.7,0.8,1.2,0.9,9.6,3.8,https://www.cherrystreetapts.com,1 979-608-7013,"200 Cherry St
College Station, TX 77840",1,1.0
Lark Northgate,799,0,1,0,1,1,1,1,0,1,15,0.8,0.9,1.1,1.2,1.1,9.3,3.8,https://larknorthgate.com,(361) 349-4567,"500 Wellborn Road
College Station, Texas",5,5.0
Lark Northgate,819,0,1,0,1,1,1,1,0,1,15,0.8,0.9,1.1,1.2,1.1,9.3,3.8,https://larknorthgate.com,(361) 349-4567,"500 Wellborn Road
College Station, Texas",4,4.0
Lark Northgate,1109,0,1,0,1,1,1,1,0,1,15,0.8,0.9,1.1,1.2,1.1,9.3,3.8,https://larknorthgate.com,(361) 349-4567,"500 Wellborn Road
College Station, Texas",2,2.0
Lark Northgate,1449,1,1,0,1,1,1,1,0,1,15,0.8,0.9,1.1,1.2,1.1,9.3,3.8,https://larknorthgate.com,(361) 349-4567,"500 Wellborn Road
College Station, Texas",1,1.0
College Main Apartments,839,0,1,0,1,1,1,1,0,1,15,0.8,0.9,1.0,1.6,1.3,9.4,3.2,https://www.liveatcollegemaincollegestation.com,(979) 846-2089,"4302 College Main Bryan, TX 77801",2,1.5
College Main Apartments,779,0,1,0,1,1,1,1,0,1,15,0.8,0.9,1.0,1.6,1.3,9.4,3.2,https://www.liveatcollegemaincollegestation.com,(979) 846-2089,"4302 College Main Bryan, TX 77801",2,1.0
College Main Apartments,739,0,1,0,1,1,1,1,0,1,15,0.8,0.9,1.0,1.6,1.3,9.4,3.2,https://www.liveatcollegemaincollegestation.com,(979) 846-2089,"4302 College Main Bryan, TX 77801",1,1.0
Aggie Station,844,0,1,0,1,1,1,1,0,1,15,1.0,1.3,1.2,1.6,1.4,9.2,4.3,https://aggiesearch.tamu.edu/housing/property/aggie-station-apartments/ocp7rzt1bw,(979) 213-6793,"4151 Wellborn Road, Bryan, TX 77801",4,4.0
Aggie Station,874,0,1,0,1,1,1,1,0,1,15,1.0,1.3,1.2,1.6,1.4,9.2,4.3,https://aggiesearch.tamu.edu/housing/property/aggie-station-apartments/ocp7rzt1bw,(979) 213-6793,"4151 Wellborn Road, Bryan, TX 77801",3,3.0
Aggie Station,924,0,1,0,1,1,1,1,0,1,15,1.0,1.3,1.2,1.6,1.4,9.2,4.3,https://aggiesearch.tamu.edu/housing/property/aggie-station-apartments/ocp7rzt1bw,(979) 213-6793,"4151 Wellborn Road, Bryan, TX 77801",2,2.0
Country Place Apartment Homes,855,1,1,0,1,1,1,1,0,0,0,1.0,1.1,1.2,1.8,1.5,10.2,3.3,https://www.originalmanagement.net,(979) 691-6200,3902 College Main,1,1.0
Saddlewood Club,1113,0,0,0,1,1,1,1,1,1,15,1.7,1.9,1.9,1.8,1.4,6.6,3.2,https://www.saddlewoodclub.com/#main-banner,(979) 318-3994,3625 Wellborn rd,3,2.0
Saddlewood Club,971,0,0,0,1,1,1,1,1,1,15,1.7,1.9,1.9,1.8,1.4,6.6,3.2,https://www.saddlewoodclub.com/#main-banner,(979) 318-3994,3625 Wellborn rd,2,2.0
Saddlewood Club,816,1,0,0,1,1,1,1,1,1,15,1.7,1.9,1.9,1.8,1.4,6.6,3.2,https://www.saddlewoodclub.com/#main-banner,(979) 318-3994,3625 Wellborn rd,1,1.0
OTTO ,989,0,1,0,1,1,1,1,0,1,15,0.5,0.7,0.9,1.1,0.8,9.5,4.9,https://ottostudentliving.com, (979) 213-6776,"401 First St, College Station, TX 77840",6,6.0
OTTO ,1029,0,1,0,1,1,1,1,0,1,15,0.5,0.7,0.9,1.1,0.8,9.5,4.9,https://ottostudentliving.com, (979) 213-6776,"401 First St, College Station, TX 77840",5,5.0
OTTO ,1099,0,1,0,1,1,1,1,0,1,15,0.5,0.7,0.9,1.1,0.8,9.5,4.9,https://ottostudentliving.com, (979) 213-6776,"401 First St, College Station, TX 77840",4,4.0
OTTO ,1129,0,1,0,1,1,1,1,0,1,15,0.5,0.7,0.9,1.1,0.8,9.5,4.9,https://ottostudentliving.com, (979) 213-6776,"401 First St, College Station, TX 77840",3,3.0
OTTO ,1279,0,1,0,1,1,1,1,0,1,15,0.5,0.7,0.9,1.1,0.8,9.5,4.9,https://ottostudentliving.com, (979) 213-6776,"401 First St, College Station, TX 77840",2,2.0
OTTO ,1659,1,1,0,1,1,1,1,0,1,15,0.5,0.7,0.9,1.1,0.8,9.5,4.9,https://ottostudentliving.com, (979) 213-6776,"401 First St, College Station, TX 77840",1,1.0
OTTO ,1449,1,1,0,1,1,1,1,0,1,15,0.5,0.7,0.9,1.1,0.8,9.5,4.9,https://ottostudentliving.com, (979) 213-6776,"401 First St, College Station, TX 77840",0,0.0
REV,1249,0,1,0,1,1,1,1,0,1,15,0.4,0.5,0.6,1.2,0.9,9.6,4.7,https://revstudentliving.com, (979) 589-7141,"315 College Main St Suite 110, College Station, TX 77840",6,6.0
REV,1099,0,1,0,1,1,1,1,0,1,15,0.4,0.5,0.6,1.2,0.9,9.6,4.7,https://revstudentliving.com, (979) 589-7141,"315 College Main St Suite 110, College Station, TX 77840",5,5.0
REV,1259,0,1,0,1,1,1,1,0,1,15,0.4,0.5,0.6,1.2,0.9,9.6,4.7,https://revstudentliving.com, (979) 589-7141,"315 College Main St Suite 110, College Station, TX 77840",4,4.0
REV,1359,0,1,0,1,1,1,1,0,1,15,0.4,0.5,0.6,1.2,0.9,9.6,4.7,https://revstudentliving.com, (979) 589-7141,"315 College Main St Suite 110, College Station, TX 77840",3,3.0
REV,1469,0,1,0,1,1,1,1,0,1,15,0.4,0.5,0.6,1.2,0.9,9.6,4.7,https://revstudentliving.com, (979) 589-7141,"315 College Main St Suite 110, College Station, TX 77840",2,2.0
REV,2199,1,1,0,1,1,1,1,0,1,15,0.4,0.5,0.6,1.2,0.9,9.6,4.7,https://revstudentliving.com, (979) 589-7141,"315 College Main St Suite 110, College Station, TX 77840",1,1.0
REV,1799,1,1,0,1,1,1,1,0,1,15,0.4,0.5,0.6,1.2,0.9,9.6,4.7,https://revstudentliving.com, (979) 589-7141,"315 College Main St Suite 110, College Station, TX 77840",0,0.0
Aspire College station,1059,0,1,0,1,1,1,1,1,0,0,0.4,0.6,0.3,1.3,1.0,9.7,4.4,https://www.aspirecollegestation.com, (979) 316-2853,"711 University Dr, College Station, TX 77840",6,6.0
Aspire College station,1019,0,1,0,1,1,1,1,1,0,0,0.4,0.6,0.3,1.3,1.0,9.7,4.4,https://www.aspirecollegestation.com, (979) 316-2853,"711 University Dr, College Station, TX 77840",5,5.0
Aspire College station,1219,0,1,0,1,1,1,1,1,0,0,0.4,0.6,0.3,1.3,1.0,9.7,4.4,https://www.aspirecollegestation.com, (979) 316-2853,"711 University Dr, College Station, TX 77840",4,4.0
Aspire College station,1479,0,1,0,1,1,1,1,1,0,0,0.4,0.6,0.3,1.3,1.0,9.7,4.4,https://www.aspirecollegestation.com, (979) 316-2853,"711 University Dr, College Station, TX 77840",2,2.0
Aspire College station,2219,1,1,0,1,1,1,1,1,0,0,0.4,0.6,0.3,1.3,1.0,9.7,4.4,https://www.aspirecollegestation.com, (979) 316-2853,"711 University Dr, College Station, TX 77840",1,1.0
The Stack,950,0,1,0,1,1,1,1,1,0,0,0.55,0.7,0.3,1.4,1.1,9.8,3.6,https://stackstudentliving.com,(979) 314-7669,"711 Church Avenue
College Station, TX 77840",4,4.0
The Stack,1025,0,1,0,1,1,1,1,1,0,0,0.55,0.7,0.3,1.4,1.1,9.8,3.6,https://stackstudentliving.com,(979) 314-7669,"711 Church Avenue
College Station, TX 77840",3,3.0
The Stack,1050,0,1,0,1,1,1,1,1,0,0,0.55,0.7,0.3,1.4,1.1,9.8,3.6,https://stackstudentliving.com,(979) 314-7669,"711 Church Avenue
College Station, TX 77840",2,2.0
The Stack,1600,1,1,0,1,1,1,1,1,0,0,0.55,0.7,0.3,1.4,1.1,9.8,3.6,https://stackstudentliving.com,(979) 314-7669,"711 Church Avenue
College Station, TX 77840",1,1.0
The Gardens at University Apartments,951,0,1,0,1,1,1,1,1,0,0,0.55,0.7,0.3,1.4,1.1,9.8,3.8,https://reslife.tamu.edu,(888) 451-3896,"1100 Hensel Dr
Bryan, TX 77840
United States",2,2.0
The Gardens at University Apartments,812,0,1,0,1,1,1,1,1,0,0,0.55,0.7,0.3,1.4,1.1,9.8,3.8,https://reslife.tamu.edu,(888) 451-3896,"1100 Hensel Dr
Bryan, TX 77840
United States",2,1.0
The Gardens at University Apartments,1101,1,1,0,1,1,1,1,1,0,0,0.55,0.7,0.3,1.4,1.1,9.8,3.8,https://reslife.tamu.edu,(888) 451-3896,"1100 Hensel Dr
Bryan, TX 77840
United States",1,1.0
Sonoma Apartment homes,895,1,0,0,1,1,0,1,1,1,22,2.6,2.9,2.4,3.1,3.6,12.7,4.6,https://www.sonomaapartmenthomes.com/,979-696-7275,1903 Dartmouth St,1,1.0
Sonoma Apartment homes,950,1,0,0,1,1,0,1,1,1,22,2.6,2.9,2.4,3.1,3.6,12.7,4.6,https://www.sonomaapartmenthomes.com/,979-696-7275,1903 Dartmouth St,2,1.0
Sonoma Apartment homes,995,1,0,0,1,1,0,1,1,1,22,2.6,2.9,2.4,3.1,3.6,12.7,4.6,https://www.sonomaapartmenthomes.com/,979-696-7275,1903 Dartmouth St,2,2.0
Sonoma Apartment homes,1095,1,0,0,1,1,1,1,1,1,22,2.6,2.9,2.4,3.1,3.6,12.7,4.6,https://www.sonomaapartmenthomes.com/,979-696-7275,1903 Dartmouth St,2,2.0
Lofts at Wolf Pen Creek,1399,0,1,0,1,1,1,1,1,1,27,2.7,3.0,2.5,3.2,3.7,15.8,3.8,https://www.loftsatwolfpen.com,979-314-1900,614 Holleman Dr E,1,1.0
Lofts at Wolf Pen Creek,849,0,1,0,1,1,1,1,1,1,27,2.7,3.0,2.5,3.2,3.7,15.8,3.8,https://www.loftsatwolfpen.com,979-314-1900,614 Holleman Dr E,2,2.0
Lofts at Wolf Pen Creek,849,0,1,0,1,1,1,1,1,1,27,2.7,3.0,2.5,3.2,3.7,15.8,3.8,https://www.loftsatwolfpen.com,979-314-1900,614 Holleman Dr E,2,2.5
Lofts at Wolf Pen Creek,789,0,1,0,1,1,1,1,1,1,27,2.7,3.0,2.5,3.2,3.7,15.8,3.8,https://www.loftsatwolfpen.com,979-314-1900,614 Holleman Dr E,3,3.0
Lofts at Wolf Pen Creek,439,0,1,0,1,1,1,1,1,1,27,2.7,3.0,2.5,3.2,3.7,15.8,3.8,https://www.loftsatwolfpen.com,979-314-1900,614 Holleman Dr E,4,2.0
Lofts at Wolf Pen Creek,709,0,1,0,1,1,1,1,1,1,27,2.7,3.0,2.5,3.2,3.7,15.8,3.8,https://www.loftsatwolfpen.com,979-314-1900,614 Holleman Dr E,4,4.0
Arbors at Wolf Pen Creek,1099,1,0,0,1,1,1,1,1,1,27,2.5,3.2,2.5,3.0,3.5,12.5,2.6,https://www.myarbors.com/,979-325-2175,301 Holleman Drive,1,1.0
Arbors at Wolf Pen Creek,1369,1,0,0,1,1,1,1,1,1,27,2.5,3.2,2.5,3.0,3.5,12.5,2.6,https://www.myarbors.com/,979-325-2175,301 Holleman Drive,2,2.0
Arbors at Wolf Pen Creek,1549,1,0,0,1,1,1,1,1,1,27,2.5,3.2,2.5,3.0,3.5,12.5,2.6,https://www.myarbors.com/,979-325-2175,301 Holleman Drive,3,2.0
The Ridge,935,1,0,0,1,1,1,1,1,1,26,3.2,3.9,3.2,3.6,4.2,14.3,3.9,https://www.ridgeapartments.com/,979-314-0997,2250 Dartmouth St,1,1.0
The Ridge,1109,1,0,0,1,1,1,1,1,1,26,3.2,3.9,3.2,3.6,4.2,14.3,3.9,https://www.ridgeapartments.com/,979-314-0997,2250 Dartmouth St,2,1.0
The Ridge,1119,1,0,0,1,1,1,1,1,1,26,3.2,3.9,3.2,3.6,4.2,14.3,3.9,https://www.ridgeapartments.com/,979-314-0997,2250 Dartmouth St,2,2.0
The Ridge,1369,1,0,0,1,1,1,1,1,1,26,3.2,3.9,3.2,3.6,4.2,14.3,3.9,https://www.ridgeapartments.com/,979-314-0997,2250 Dartmouth St,3,2.0
The Trails at Wolf Pen,969,1,0,0,1,1,1,1,1,1,26,3.5,4.2,3.4,3.9,4.5,14.4,3.0,https://www.thetrailsatwolfpencreek.com/,933-360-2616,950 Colgate Dr,1,1.0
The Trails at Wolf Pen,579,0,0,0,1,1,1,1,1,1,26,3.5,4.2,3.4,3.9,4.5,14.4,3.0,https://www.thetrailsatwolfpencreek.com/,933-360-2616,950 Colgate Dr,2,1.5
The Trails at Wolf Pen,1158,1,0,0,1,1,1,1,1,1,26,3.5,4.2,3.4,3.9,4.5,14.4,3.0,https://www.thetrailsatwolfpencreek.com/,933-360-2616,950 Colgate Dr,2,1.5
The Trails at Wolf Pen,629,0,0,0,1,1,1,1,1,1,26,3.5,4.2,3.4,3.9,4.5,14.4,3.0,https://www.thetrailsatwolfpencreek.com/,933-360-2616,950 Colgate Dr,2,2.0
The Trails at Wolf Pen,1258,1,0,0,1,1,1,1,1,1,26,3.5,4.2,3.4,3.9,4.5,14.4,3.0,https://www.thetrailsatwolfpencreek.com/,933-360-2616,950 Colgate Dr,2,2.0
The Trails at Wolf Pen,409,0,0,0,1,1,1,1,1,1,26,3.5,4.2,3.4,3.9,4.5,14.4,3.0,https://www.thetrailsatwolfpencreek.com/,933-360-2616,950 Colgate Dr,4,2.0
The Trails at Wolf Pen,1636,1,0,0,1,1,1,1,1,1,26,3.5,4.2,3.4,3.9,4.5,14.4,3.0,https://www.thetrailsatwolfpencreek.com/,933-360-2616,950 Colgate Dr,4,2.0
Parcside Townhomes,1109,1,0,0,1,1,1,1,1,1,26,3.5,4.2,3.4,3.9,4.5,14.4,3.7,https://www.parcsidetownhomes.com/,979-378-6243,2500 Central Park Ln,2,2.0
Parcside Townhomes,1223,1,0,0,1,1,1,1,1,1,26,3.5,4.2,3.4,3.9,4.5,14.4,3.7,https://www.parcsidetownhomes.com/,979-378-6243,2500 Central Park Ln,3,2.0
The Point on Redmond,905,1,0,0,1,1,1,0,1,1,27,2.7,2.5,1.9,2.2,2.8,12.0,3.7,https://www.pointonredmond.com/,979-364-4109,309 Redmond dr,2,1.0
The Point on Redmond,905,1,0,0,1,1,1,0,1,1,27,2.7,2.5,1.9,2.2,2.8,12.0,3.7,https://www.pointonredmond.com/,979-364-4109,309 Redmond dr,2,1.5
Redstone,769,1,0,0,1,1,0,1,1,1,26,3.3,3.2,2.7,2.9,3.5,13.8,3.1,https://www.liveatredstonecollegestation.com/,979-696-1848,1301 Barthelow Dr,2,1.0
Redstone,799,1,0,0,1,1,1,1,1,1,26,3.3,3.2,2.7,2.9,3.5,13.8,3.1,https://www.liveatredstonecollegestation.com/,979-696-1848,1301 Barthelow Dr,2,1.0
Arbor Square,749,1,0,0,1,1,0,1,1,1,26,3.3,3.2,2.8,2.9,3.5,13.2,2.8,https://www.liveatarborsquarecollegestation.com/,979-693-3701,1700 Southwest Pkwy,1,1.0
Arbor Square,849,1,0,0,1,1,0,1,1,1,26,3.3,3.2,2.8,2.9,3.5,13.2,2.8,https://www.liveatarborsquarecollegestation.com/,979-693-3701,1700 Southwest Pkwy,2,2.0
Dwell @ 1600,810,1,0,0,1,1,0,0,1,1,26,3.2,3.2,3.2,2.9,3.5,13.1,3.8,https://www.dwellat1600.com/,972-645-2815,1600 Southwest Pkwy,1,1.0
Dwell @ 1600,925,1,0,0,1,1,0,0,1,1,26,3.2,3.2,3.2,2.9,3.5,13.1,3.8,https://www.dwellat1600.com/,972-645-2815,1600 Southwest Pkwy,2,1.5
Dwell @ 1600,980,1,0,0,1,1,0,0,1,1,26,3.2,3.2,3.2,2.9,3.5,13.1,3.8,https://www.dwellat1600.com/,972-645-2815,1600 Southwest Pkwy,2,2.0
Dwell @ 1600,1200,1,0,0,1,1,0,0,1,1,26,3.2,3.2,3.2,2.9,3.5,13.1,3.8,https://www.dwellat1600.com/,972-645-2815,1600 Southwest Pkwy,3,2.0
Midtown apartments,435,0,1,0,1,0,1,0,1,1,26,2.7,2.5,2.4,2.2,2.8,12.0,4.1,https://www.midtown-foxmeadows.com/,979-704-0860,"1612 F, Holleman Dr",4,2.0
Fox Meadows,1260,1,0,0,1,0,1,0,1,1,34,2.7,2.5,2.4,2.2,2.8,12.0,3.1,https://www.midtown-foxmeadows.com/,979-704-0860,"1612 F, Holleman Dr",3,2.0
Holleman Oaks Apartments,699,1,0,0,1,1,1,1,1,1,27,2.8,2.6,2.3,2.3,2.9,12.1,2.5,https://www.hollemanoaksapts.com/,979-271-6940,1501 Holleman Dr,1,1.0
Holleman Oaks Apartments,799,0,0,0,1,1,1,1,1,1,27,2.8,2.6,2.3,2.3,2.9,12.1,2.5,https://www.hollemanoaksapts.com/,979-271-6940,1501 Holleman Dr,2,2.0
Tower Park Apartments,850,1,0,1,1,1,0,1,1,1,27,2.7,2.5,2.2,2.2,2.8,12.0,3.3,http://www.towerparkapts.com/,979-314-0721,1601 Holleman Dr,1,1.0
Tower Park Apartments,1100,1,0,1,1,1,0,1,1,1,27,2.7,2.5,2.2,2.2,2.8,12.0,3.3,http://www.towerparkapts.com/,979-314-0721,1601 Holleman Dr,2,1.5
Tower Park Apartments,1300,1,0,1,1,1,0,1,1,1,27,2.7,2.5,2.2,2.2,2.8,12.0,3.3,http://www.towerparkapts.com/,979-314-0721,1601 Holleman Dr,2,2.0
Tower Park Apartments,1550,1,0,1,1,1,0,1,1,1,27,2.7,2.5,2.2,2.2,2.8,12.0,3.3,http://www.towerparkapts.com/,979-314-0721,1601 Holleman Dr,3,2.0
Park Place Apartments,99999,1,0,0,1,1,0,0,1,1,26,1.8,2.1,1.8,2.0,2.4,11.6,4.7,https://www.parkplacecollegestation.com/,979-693-2300,1505 Park Pl,1,1.0
Park Place Apartments,99999,1,0,0,1,1,0,0,1,1,26,1.8,2.1,1.8,2.0,2.4,11.6,4.7,https://www.parkplacecollegestation.com/,979-693-2300,1505 Park Pl,2,1.0
Scandia,759,1,0,0,1,1,0,1,1,1,27,1.9,2.2,1.9,1.9,2.5,11.7,2.7,https://www.liveatscandiacollegestation.com/,979-693-6505,401 Anderson St,1,1.0
Scandia,859,1,0,0,1,1,0,1,1,1,27,1.9,2.2,1.9,1.9,2.5,11.7,2.7,https://www.liveatscandiacollegestation.com/,979-693-6505,401 Anderson St,2,1.5
Scandia,919,1,0,0,1,1,0,1,1,1,27,1.9,2.2,1.9,1.9,2.5,11.7,2.7,https://www.liveatscandiacollegestation.com/,979-693-6505,401 Anderson St,2,2.0
Berkeley House at College Station,1219,0,0,0,1,1,1,1,1,1,36,1.5,1.3,2.0,1.0,1.6,10.8,3.8,https://www.liveberkeleyhouse.com/,979-314-2530,801 Wellborn Rd,1,1.0
Berkeley House at College Station,869,0,0,0,1,1,1,1,1,1,36,1.5,1.3,2.0,1.0,1.6,10.8,3.8,https://www.liveberkeleyhouse.com/,979-314-2530,801 Wellborn Rd,2,2.0
Berkeley House at College Station,819,0,0,0,1,1,1,1,1,1,36,1.5,1.3,2.0,1.0,1.6,10.8,3.8,https://www.liveberkeleyhouse.com/,979-314-2530,801 Wellborn Rd,3,3.0
Berkeley House at College Station,775,0,0,0,1,1,1,1,1,1,36,1.5,1.3,2.0,1.0,1.6,10.8,3.8,https://www.liveberkeleyhouse.com/,979-314-2530,801 Wellborn Rd,4,4.0
The Vintage at College Station,749,1,0,0,1,1,0,1,1,1,31,3.2,2.8,3.9,2.6,5.5,12.4,2.2,https://www.vintageatcollegestation.com/,979-693-0804,1101 Southwest Pkwy,1,1.0
The Vintage at College Station,849,1,0,0,1,1,0,1,1,1,31,3.2,2.8,3.9,2.6,5.5,12.4,2.2,https://www.vintageatcollegestation.com/,979-693-0804,1101 Southwest Pkwy,2,2.0
The Vintage at College Station,949,1,0,0,1,1,0,1,1,1,31,3.2,2.8,3.9,2.6,5.5,12.4,2.2,https://www.vintageatcollegestation.com/,979-693-0804,1101 Southwest Pkwy,2,1.5
The Grove at Southwood,920,1,0,0,1,1,1,1,1,1,31,2.7,2.5,2.8,2.3,5.3,12.2,3.3,http://www.grovesouthwood.com/,979-696-9771,603 Southwest Pkwy,2,2.0
Madison Pointe Apartments,885,1,0,0,1,1,1,1,1,1,31,2.6,2.4,3.2,2.6,4.8,11.7,4.0,https://adaraportal.yottareal.com/dba/dbahome?dbaid=54&dbaid=54,979-599-7173,503 Southwest Pkwy,1,1.0
Madison Pointe Apartments,998,1,0,0,1,1,1,1,1,1,31,2.6,2.4,3.2,2.6,4.8,11.7,4.0,https://adaraportal.yottareal.com/dba/dbahome?dbaid=54&dbaid=54,979-599-7173,503 Southwest Pkwy,2,1.5
Madison Pointe Apartments,1170,1,0,0,1,1,1,1,1,1,31,2.6,2.4,3.2,2.6,4.8,11.7,4.0,https://adaraportal.yottareal.com/dba/dbahome?dbaid=54&dbaid=54,979-599-7173,503 Southwest Pkwy,2,2.0
Madison Pointe Apartments,1399,1,0,0,1,1,1,1,1,1,31,2.6,2.4,3.2,2.6,4.8,11.7,4.0,https://adaraportal.yottareal.com/dba/dbahome?dbaid=54&dbaid=54,979-599-7173,503 Southwest Pkwy,3,2.0
Sausalito Apartments,852,1,0,0,1,1,0,1,1,1,22,3.1,2.9,2.4,3.1,3.6,12.5,3.4,https://www.thesausalitoapartments.com/floorplans,18335792602,"1001 Harvey Rd, College Station, TX 77840",1,1.0
Sausalito Apartments,872,1,0,0,1,1,0,1,1,1,22,3.1,2.9,2.4,3.1,3.6,12.5,3.4,https://www.thesausalitoapartments.com/floorplans,18335792602,"1002 Harvey Rd, College Station, TX 77840",1,1.0
Sausalito Apartments,982,1,0,0,1,1,0,1,1,1,22,3.1,2.9,2.4,3.1,3.6,12.5,3.4,https://www.thesausalitoapartments.com/floorplans,18335792602,"1003 Harvey Rd, College Station, TX 77840",2,1.5
Sausalito Apartments,1082,1,0,0,1,1,0,1,1,1,22,3.1,2.9,2.4,3.1,3.6,12.5,3.4,https://www.thesausalitoapartments.com/floorplans,18335792602,"1004 Harvey Rd, College Station, TX 77840",2,2.0
Sausalito Apartments,1362,1,0,0,1,1,0,1,1,1,22,3.1,2.9,2.4,3.1,3.6,12.5,3.4,https://www.thesausalitoapartments.com/floorplans,18335792602,"1005 Harvey Rd, College Station, TX 77840",3,2.0
Sundance Apartments,872,1,0,0,1,1,0,1,1,1,22,2.4,2.7,2.2,2.9,3.5,12.4,3.3,https://www.thesundanceapartments.com/floorplans,18444057038,"811 Harvey Rd, College Station, TX 77840",1,1.0
Sundance Apartments,982,1,0,0,1,1,0,1,1,1,22,2.4,2.7,2.2,2.9,3.5,12.4,3.3,https://www.thesundanceapartments.com/floorplans,18444057038,"812 Harvey Rd, College Station, TX 77840",2,1.5
Sundance Apartments,1082,1,0,0,1,1,0,1,1,1,22,2.4,2.7,2.2,2.9,3.5,12.4,3.3,https://www.thesundanceapartments.com/floorplans,18444057038,"813 Harvey Rd, College Station, TX 77840",2,2.0
Sundance Apartments,1362,1,0,0,1,1,0,1,1,1,22,2.4,2.7,2.2,2.9,3.5,12.4,3.3,https://www.thesundanceapartments.com/floorplans,18444057038,"814 Harvey Rd, College Station, TX 77840",3,2.0
Sundance Apartments,1532,1,0,0,1,1,0,1,1,1,22,2.4,2.7,2.2,2.9,3.5,12.4,3.3,https://www.thesundanceapartments.com/floorplans,18444057038,"815 Harvey Rd, College Station, TX 77840",4,2.0
The Ivy,825,1,0,0,1,1,0,1,1,1,22,2.8,3.1,2.6,3.3,3.9,12.7,3.1,https://www.theivycs.com/,19796805000,"1201 Harvey Rd, College Station, TX 77840",1,1.0
The Ivy,899,1,0,0,1,1,0,1,1,1,22,2.8,3.1,2.6,3.3,3.9,12.7,3.1,https://www.theivycs.com/,19796805000,"1202 Harvey Rd, College Station, TX 77840",2,1.0
The Ivy,999,1,0,0,1,1,0,1,1,1,22,2.8,3.1,2.6,3.3,3.9,12.7,3.1,https://www.theivycs.com/,19796805000,"1203 Harvey Rd, College Station, TX 77840",2,2.0
The Ivy,1350,1,0,0,1,1,0,1,1,1,22,2.8,3.1,2.6,3.3,3.9,12.7,3.1,https://www.theivycs.com/,19796805000,"1204 Harvey Rd, College Station, TX 77840",3,2.0
The Grand 1501 Apartments,99999,1,0,0,1,1,0,1,1,1,22,3.6,3.8,3.4,3.8,4.3,15.2,3.0,https://www.thegrand1501.com/,19796801501,"1501 Harvey Rd, College Station, TX 77840",1,1.0
The Grand 1501 Apartments,99999,1,0,0,1,1,0,1,1,1,22,3.6,3.8,3.4,3.8,4.3,15.2,3.0,https://www.thegrand1501.com/,19796801501,"1502 Harvey Rd, College Station, TX 77840",2,1.0
The Grand 1501 Apartments,99999,1,0,0,1,1,0,1,1,1,22,3.6,3.8,3.4,3.8,4.3,15.2,3.0,https://www.thegrand1501.com/,19796801501,"1503 Harvey Rd, College Station, TX 77840",2,2.0
The Grand 1501 Apartments,99999,1,0,0,1,1,0,1,1,1,22,3.6,3.8,3.4,3.8,4.3,15.2,3.0,https://www.thegrand1501.com/,19796801501,"1504 Harvey Rd, College Station, TX 77840",3,2.0
The Dominik Apartments,699,1,0,0,1,1,0,1,1,1,22,2.0,2.3,1.8,2.5,2.9,11.9,3.5,https://www.thedominikapts.com/,19793785623,"700 Dominik Dr, College Station, TX 77840",1,1.0
The Dominik Apartments,799,1,0,0,1,1,0,1,1,1,22,2.0,2.3,1.8,2.5,2.9,11.9,3.5,https://www.thedominikapts.com/,19793785623,"701 Dominik Dr, College Station, TX 77840",2,1.5
The Dominik Apartments,850,1,0,0,1,1,0,1,1,1,22,2.0,2.3,1.8,2.5,2.9,11.9,3.5,https://www.thedominikapts.com/,19793785623,"702 Dominik Dr, College Station, TX 77840",2,2.0
The Dominik Apartments,1310,1,0,0,1,1,0,1,1,1,22,2.0,2.3,1.8,2.5,2.9,11.9,3.5,https://www.thedominikapts.com/,19793785623,"703 Dominik Dr, College Station, TX 77840",3,2.0
Eastgate Apartments,99999,1,0,0,1,1,0,1,1,1,12,1.4,1.9,1.3,2.9,2.3,11.0,3.2,https://www.eastgatebcs.com/,19796967380,"401 Lincoln Ave, College Station, TX 77840",1,1.0
Eastgate Apartments,99999,1,0,0,1,1,0,1,1,1,12,1.4,1.9,1.3,2.9,2.3,11.0,3.2,https://www.eastgatebcs.com/,19796967380,"402 Lincoln Ave, College Station, TX 77840",2,1.5
The Halston,955,1,0,0,1,1,1,1,1,1,12,2.8,3.1,1.8,3.1,2.7,11.5,3.4,https://www.thehalstonapt.com/,19799780622,"801 Spring Loop, College Station, TX 77840",1,1.0
The Halston,925,1,0,0,1,1,1,1,1,1,12,2.8,3.1,1.8,3.1,2.7,11.5,3.4,https://www.thehalstonapt.com/,19799780622,"802 Spring Loop, College Station, TX 77840",2,1.5
The Halston,1005,1,0,0,1,1,1,1,1,1,12,2.8,3.1,1.8,3.1,2.7,11.5,3.4,https://www.thehalstonapt.com/,19799780622,"803 Spring Loop, College Station, TX 77840",2,2.0
Willow Oaks Apartments,792,1,0,0,1,1,0,1,1,1,12,3.1,3.4,2.4,4.3,3.3,10.5,3.1,https://www.willowoaksapt.com/?utm_source=GMB&utm_medium=organic,18336641457,"3902 E 29th St, Bryan, TX 77802",0,0.0
Willow Oaks Apartments,942,1,0,0,1,1,0,1,1,1,12,3.1,3.4,2.4,4.3,3.3,10.5,3.1,https://www.willowoaksapt.com/?utm_source=GMB&utm_medium=organic,18336641457,"3903 E 29th St, Bryan, TX 77802",1,1.0
Willow Oaks Apartments,1057,1,0,0,1,1,0,1,1,1,12,3.1,3.4,2.4,4.3,3.3,10.5,3.1,https://www.willowoaksapt.com/?utm_source=GMB&utm_medium=organic,18336641457,"3904 E 29th St, Bryan, TX 77802",2,1.0
Willow Oaks Apartments,1092,1,0,0,1,1,0,1,1,1,12,3.1,3.4,2.4,4.3,3.3,10.5,3.1,https://www.willowoaksapt.com/?utm_source=GMB&utm_medium=organic,18336641457,"3905 E 29th St, Bryan, TX 77802",2,2.0
Willow Oaks Apartments,1112,1,0,0,1,1,0,1,1,1,12,3.1,3.4,2.4,4.3,3.3,10.5,3.1,https://www.willowoaksapt.com/?utm_source=GMB&utm_medium=organic,18336641457,"3906 E 29th St, Bryan, TX 77802",2,1.5
Willow Oaks Apartments,1192,1,0,0,1,1,0,1,1,1,12,3.1,3.4,2.4,4.3,3.3,10.5,3.1,https://www.willowoaksapt.com/?utm_source=GMB&utm_medium=organic,18336641457,"3907 E 29th St, Bryan, TX 77802",3,2.0
Creekside Apartments,875,1,0,0,1,0,0,0,1,0,0,3.5,4.2,2.7,4.1,4.1,10.5,2.3,https://www.bcsonlinerealestate.com/availtwo.php,19792688620,"3700 Plainsman Ln, Bryan, TX 77802",2,1.0
EnVue Apartments,872,1,0,0,1,1,0,1,1,0,0,3.4,4.1,3.1,4.2,4.0,10.3,3.7,https://www.envueapt.com/?utm_source=GMB&utm_medium=organic,18886706461,"3535 Plainsman Ln, Bryan, TX 77802",1,1.0
EnVue Apartments,952,1,0,0,1,1,0,1,1,0,0,3.4,4.1,3.1,4.2,4.0,10.3,3.7,https://www.envueapt.com/?utm_source=GMB&utm_medium=organic,18886706461,"3536 Plainsman Ln, Bryan, TX 77802",2,1.0
EnVue Apartments,984,1,0,0,1,1,0,1,1,0,0,3.4,4.1,3.1,4.2,4.0,10.3,3.7,https://www.envueapt.com/?utm_source=GMB&utm_medium=organic,18886706461,"3537 Plainsman Ln, Bryan, TX 77802",2,1.5
EnVue Apartments,1270,1,0,0,1,1,0,1,1,0,0,3.4,4.1,3.1,4.2,4.0,10.3,3.7,https://www.envueapt.com/?utm_source=GMB&utm_medium=organic,18886706461,"3538 Plainsman Ln, Bryan, TX 77802",3,2.0
Walden Pond,99999,1,0,1,1,1,0,1,1,1,35,2.7,2.6,3.1,1.8,2.7,9.2,2.5,https://www.liveatwaldenpondcollegestation.com/,19796965777,"1331 Harvey Mitchell Pkwy S, College Station, TX 77840",1,1.0
Walden Pond,99999,1,0,1,1,1,0,1,1,1,35,2.7,2.6,3.1,1.8,2.7,10.4,2.5,https://www.liveatwaldenpondcollegestation.com/,19796965777,"1332 Harvey Mitchell Pkwy S, College Station, TX 77840",1,2.0
Limestone Terrace,1070,1,0,0,1,1,1,1,1,1,35,3.0,2.9,3.6,2.2,3.0,9.5,3.2,https://knightsgateapts.com/,19796938506,"1270 Harvey Mitchell Pkwy S, College Station, TX 77840",1,1.0
Limestone Terrace,1234,1,0,0,1,1,1,1,1,1,35,3.0,2.9,3.6,2.2,3.0,9.5,3.2,https://knightsgateapts.com/,19796938506,"1271 Harvey Mitchell Pkwy S, College Station, TX 77840",2,2.0
Limestone Terrace,1440,1,0,0,1,1,1,1,1,1,35,3.0,2.9,3.6,2.2,3.0,9.5,3.2,https://knightsgateapts.com/,19796938506,"1272 Harvey Mitchell Pkwy S, College Station, TX 77840",3,3.0
Parkway Apartments,1110,1,1,1,1,1,1,1,1,1,35,3.1,3.0,3.8,2.3,3.1,9.6,3.7,http://theparkwaylife.com/,19793140382,"1350 Harvey Mitchell Pkwy S, College Station, TX 77840",1,1.0
Parkway Apartments,680,0,1,1,1,1,1,1,1,1,35,3.1,3.0,3.8,2.3,3.1,9.6,3.7,http://theparkwaylife.com/,19793140382,"1351 Harvey Mitchell Pkwy S, College Station, TX 77840",2,2.0
Parkway Apartments,508,0,1,1,1,1,1,1,1,1,35,3.1,3.0,3.8,2.3,3.1,9.6,3.7,http://theparkwaylife.com/,19793140382,"1352 Harvey Mitchell Pkwy S, College Station, TX 77840",4,4.0
Holleman Crossing Apartments,1100,1,1,1,1,1,1,1,1,1,35,2.7,2.6,3.2,2.8,3.6,10.0,3.9,http://www.hollemancrossing.com/,19797038240,"2200 Cottage Ln, College Station, TX 77845",1,1.0
Holleman Crossing Apartments,740,0,1,1,1,1,1,1,1,1,35,2.7,2.6,3.2,2.8,3.6,10.0,3.9,http://www.hollemancrossing.com/,19797038240,"2201 Cottage Ln, College Station, TX 77845",2,2.0
Holleman Crossing Apartments,575,0,1,1,1,1,1,1,1,1,35,2.7,2.6,3.2,2.8,3.6,10.0,3.9,http://www.hollemancrossing.com/,19797038240,"2202 Cottage Ln, College Station, TX 77845",4,4.0
Treehouse Apartments and Condominiums,725,1,0,1,1,1,0,1,1,1,36,1.3,1.2,1.9,0.7,1.5,10.1,3.4,https://treehouseapartmentscstx.com/,19796965707,"200 Marion Pugh Dr, College Station, TX 77840",1,1.0
Treehouse Apartments and Condominiums,940,1,0,1,1,1,0,1,1,1,36,1.3,1.2,1.9,0.7,1.5,10.1,3.4,https://treehouseapartmentscstx.com/,19796965707,"201 Marion Pugh Dr, College Station, TX 77840",2,2.0
